{
  "з": 0.017122723,
  "т": 0.0650005,
  "ю": 0.009285785,
  "ц": 0.014521387,
  "э": 0.002206197,
  "ё": 0.001053706,
  "ф": 0.0033586882,
  "и": 0.078863315,
  "й": 0.010273634,
  "б": 0.014982384,
  "л": 0.064605355,
  "ш": 0.020646054,
  "м": 0.029404985,
  "п": 0.02910863,
  "х": 0.006980803,
  "к": 0.032763675,
  "о": 0.09019066,
  "с": 0.047976553,
  "г": 0.015344595,
  "щ": 0.0020415555,
  "р": 0.05887583,
  "ч": 0.013533537,
  "е": 0.07636076,
  "у": 0.032170963,
  "в": 0.0422141,
  "я": 0.01741908,
  "д": 0.03049162,
  "ж": 0.007507656,
  "ы": 0.014093319,
  "а": 0.08212322,
  "ь": 0.014192103,
  "н": 0.055187855,
  "ъ": 0.00009878494
}