{
  "нб": 0.0001975764,
  "фв": 0.000065858796,
  "тж": 0.000032929398,
  "чи": 0.0025355637,
  "мт": 0.0001975764,
  "их": 0.0015147524,
  "мл": 0.0003951528,
  "оф": 0.0005597998,
  "щк": 0.000032929398,
  "тв": 0.0025355637,
  "аг": 0.0016793994,
  "иц": 0.011624078,
  "ме": 0.0031612224,
  "сг": 0.00016464699,
  "кц": 0.000065858796,
  "юе": 0.000032929398,
  "ай": 0.000987882,
  "тб": 0.0003622234,
  "пп": 0.0003951528,
  "ха": 0.0010208114,
  "ощ": 0.00013171759,
  "эк": 0.000032929398,
  "яя": 0.0001975764,
  "ее": 0.0005927292,
  "тэ": 0.0000987882,
  "жа": 0.0012183877,
  "йж": 0.0000987882,
  "нд": 0.0006256586,
  "по": 0.012381454,
  "те": 0.005597998,
  "зэ": 0.000032929398,
  "ню": 0.0000987882,
  "ым": 0.0010866702,
  "мэ": 0.00013171759,
  "га": 0.0018111169,
  "яш": 0.0010208114,
  "рл": 0.011031349,
  "вб": 0.0003622234,
  "ых": 0.000493941,
  "йк": 0.0006256586,
  "ьл": 0.0003951528,
  "ка": 0.0078042676,
  "лш": 0.002305058,
  "як": 0.0005597998,
  "ки": 0.0036880928,
  "кв": 0.0007244468,
  "со": 0.0028648577,
  "ьч": 0.0001975764,
  "зм": 0.0004610116,
  "ыд": 0.00016464699,
  "пе": 0.0021733404,
  "вл": 0.0007903056,
  "еж": 0.00095495256,
  "рь": 0.000987882,
  "ги": 0.0010866702,
  "тл": 0.0007244468,
  "ми": 0.0023709168,
  "йа": 0.0002963646,
  "об": 0.0035563752,
  "ащ": 0.0002963646,
  "дв": 0.0017123288,
  "ыл": 0.0014818229,
  "рр": 0.000065858796,
  "ау": 0.0008561644,
  "нм": 0.00013171759,
  "шп": 0.00032929398,
  "яа": 0.00032929398,
  "го": 0.006322445,
  "ин": 0.005433351,
  "за": 0.00602608,
  "вя": 0.0005597998,
  "цн": 0.0009220232,
  "ри": 0.0046759746,
  "св": 0.0020416228,
  "шо": 0.00026343518,
  "ез": 0.0024038462,
  "рн": 0.0015147524,
  "иэ": 0.000065858796,
  "ил": 0.0065200212,
  "лв": 0.0015806112,
  "ят": 0.0020416228,
  "яе": 0.0003622234,
  "ёв": 0.000032929398,
  "цг": 0.0001975764,
  "ып": 0.0008890938,
  "бо": 0.0027002108,
  "ва": 0.0071456796,
  "лу": 0.0012842466,
  "мё": 0.000032929398,
  "зк": 0.00016464699,
  "ей": 0.0019099051,
  "уф": 0.00013171759,
  "зы": 0.00065858796,
  "зь": 0.0000987882,
  "ём": 0.000065858796,
  "дю": 0.000032929398,
  "ло": 0.0057297153,
  "лж": 0.0003622234,
  "пб": 0.000032929398,
  "дх": 0.0001975764,
  "юд": 0.000493941,
  "кг": 0.0001975764,
  "се": 0.0033587988,
  "ви": 0.0027002108,
  "ох": 0.0007244468,
  "иш": 0.0015147524,
  "мп": 0.0009220232,
  "вр": 0.0011195996,
  "во": 0.006091939,
  "са": 0.0013171759,
  "пи": 0.0026343518,
  "нл": 0.000032929398,
  "уе": 0.00065858796,
  "оц": 0.00013171759,
  "хс": 0.0003951528,
  "яп": 0.0011195996,
  "яч": 0.00032929398,
  "мб": 0.0001975764,
  "кт": 0.001152529,
  "зр": 0.0005597998,
  "ск": 0.0053674923,
  "ые": 0.0007573762,
  "ма": 0.005663857,
  "бю": 0.000032929398,
  "жк": 0.0004280822,
  "нс": 0.0006256586,
  "оз": 0.001975764,
  "тя": 0.0003951528,
  "ак": 0.0051369863,
  "им": 0.0024367755,
  "дб": 0.0000987882,
  "мц": 0.000032929398,
  "ии": 0.0010537407,
  "зд": 0.0012513172,
  "да": 0.0048406217,
  "бч": 0.000032929398,
  "ху": 0.0002305058,
  "ис": 0.004873551,
  "нь": 0.0012513172,
  "ед": 0.004280822,
  "кк": 0.0003951528,
  "ям": 0.0004610116,
  "чё": 0.000065858796,
  "ен": 0.0078701265,
  "ьа": 0.00026343518,
  "ро": 0.007903056,
  "од": 0.007573762,
  "дн": 0.0020416228,
  "ле": 0.0089567965,
  "лр": 0.0003622234,
  "цл": 0.00013171759,
  "вх": 0.00016464699,
  "йп": 0.00065858796,
  "бз": 0.000032929398,
  "щи": 0.0003622234,
  "лх": 0.00013171759,
  "хо": 0.0026672813,
  "ад": 0.0035563752,
  "ой": 0.0039185984,
  "яд": 0.0008890938,
  "ан": 0.0058943625,
  "рд": 0.0005597998,
  "рж": 0.000065858796,
  "кш": 0.0003951528,
  "рх": 0.000032929398,
  "йр": 0.0006256586,
  "ыя": 0.0000987882,
  "мд": 0.00026343518,
  "ёл": 0.0002305058,
  "зл": 0.00026343518,
  "ьм": 0.0005927292,
  "бм": 0.000032929398,
  "ря": 0.0009220232,
  "ьн": 0.0019099051,
  "зе": 0.0004610116,
  "нт": 0.0015476817,
  "рю": 0.000065858796,
  "нн": 0.0020416228,
  "чн": 0.0011854584,
  "эс": 0.000065858796,
  "оэ": 0.0001975764,
  "ср": 0.00032929398,
  "ёз": 0.000065858796,
  "ля": 0.0014818229,
  "аш": 0.0029307166,
  "лг": 0.0003951528,
  "вд": 0.0008561644,
  "ож": 0.0023709168,
  "ья": 0.0004280822,
  "уя": 0.00016464699,
  "ыр": 0.0003951528,
  "цу": 0.00095495256,
  "лз": 0.00032929398,
  "рт": 0.0015147524,
  "ня": 0.0016464699,
  "йм": 0.0003622234,
  "юм": 0.00016464699,
  "иб": 0.0007903056,
  "хя": 0.000032929398,
  "ыэ": 0.000065858796,
  "ул": 0.0025026344,
  "цч": 0.000032929398,
  "вы": 0.0041820337,
  "ае": 0.0028648577,
  "сы": 0.00026343518,
  "ир": 0.012809536,
  "ец": 0.0009220232,
  "тг": 0.00016464699,
  "ту": 0.0016464699,
  "цх": 0.000032929398,
  "тщ": 0.000032929398,
  "ех": 0.0007903056,
  "юб": 0.0004610116,
  "ам": 0.0036222339,
  "шю": 0.000032929398,
  "аз": 0.0046430454,
  "гэ": 0.000032929398,
  "рц": 0.000065858796,
  "лт": 0.00032929398,
  "зж": 0.00013171759,
  "пь": 0.000065858796,
  "цп": 0.0014818229,
  "ко": 0.006684668,
  "нэ": 0.000065858796,
  "ын": 0.0005597998,
  "жм": 0.000032929398,
  "ун": 0.0018769758,
  "вг": 0.0004280822,
  "ся": 0.0048076925,
  "уй": 0.00013171759,
  "иж": 0.00016464699,
  "рб": 0.00026343518,
  "ьз": 0.0002963646,
  "др": 0.00095495256,
  "ны": 0.0023379873,
  "пк": 0.00013171759,
  "ъя": 0.000065858796,
  "зо": 0.0007573762,
  "йо": 0.00026343518,
  "цт": 0.0002305058,
  "тк": 0.0017452581,
  "дж": 0.00013171759,
  "из": 0.0026672813,
  "зз": 0.00013171759,
  "юп": 0.0003622234,
  "ца": 0.0017452581,
  "ах": 0.0012842466,
  "иа": 0.0002963646,
  "ою": 0.0002305058,
  "уи": 0.0012842466,
  "пн": 0.00016464699,
  "ос": 0.0076396205,
  "ыш": 0.0008561644,
  "ыб": 0.0002963646,
  "йе": 0.000065858796,
  "аи": 0.0013171759,
  "яг": 0.0002305058,
  "бд": 0.000032929398,
  "ыо": 0.00016464699,
  "ив": 0.004544257,
  "хф": 0.000032929398,
  "яи": 0.00052687037,
  "от": 0.007573762,
  "ьк": 0.0007573762,
  "ье": 0.0004280822,
  "ли": 0.0175843,
  "йв": 0.0005927292,
  "мш": 0.0004280822,
  "тц": 0.000032929398,
  "уг": 0.001152529,
  "ьп": 0.0010866702,
  "мю": 0.0030953635,
  "ар": 0.00437961,
  "ни": 0.0060590096,
  "кх": 0.00013171759,
  "ты": 0.0013830347,
  "зю": 0.000032929398,
  "юг": 0.00032929398,
  "ои": 0.0016135406,
  "вв": 0.00016464699,
  "ег": 0.0030953635,
  "сз": 0.000065858796,
  "фр": 0.0002305058,
  "сю": 0.00013171759,
  "фе": 0.0005927292,
  "сн": 0.0010208114,
  "ёс": 0.000065858796,
  "рч": 0.00013171759,
  "бг": 0.000032929398,
  "пё": 0.000065858796,
  "ью": 0.00032929398,
  "ию": 0.0004280822,
  "бп": 0.000032929398,
  "ьв": 0.00082323496,
  "уо": 0.0004280822,
  "см": 0.000987882,
  "мы": 0.00052687037,
  "фт": 0.000032929398,
  "ею": 0.000032929398,
  "йу": 0.000065858796,
  "гш": 0.000032929398,
  "юа": 0.0000987882,
  "еь": 0.000032929398,
  "йф": 0.0004610116,
  "цш": 0.0010537407,
  "зб": 0.0003951528,
  "сб": 0.0000987882,
  "ьр": 0.0003951528,
  "ет": 0.009088514,
  "цэ": 0.000032929398,
  "ре": 0.0070468914,
  "тх": 0.00013171759,
  "нф": 0.0004280822,
  "иг": 0.0010208114,
  "уу": 0.000065858796,
  "тт": 0.0006256586,
  "ач": 0.0016135406,
  "мя": 0.0003622234,
  "кч": 0.00016464699,
  "ку": 0.0030953635,
  "хв": 0.0001975764,
  "ст": 0.00931902,
  "еф": 0.0004280822,
  "дл": 0.0003951528,
  "ть": 0.004972339,
  "би": 0.0018440464,
  "йн": 0.0008561644,
  "йд": 0.0007244468,
  "шу": 0.0003622234,
  "пя": 0.0004280822,
  "яо": 0.0004610116,
  "хд": 0.00016464699,
  "сх": 0.0000987882,
  "тс": 0.0027331403,
  "юв": 0.0002305058,
  "шь": 0.0003622234,
  "ум": 0.0035234457,
  "бл": 0.00052687037,
  "мв": 0.00082323496,
  "ях": 0.00013171759,
  "до": 0.004346681,
  "сс": 0.0021074815,
  "хт": 0.000065858796,
  "лэ": 0.000032929398,
  "шт": 0.0113606425,
  "фч": 0.000032929398,
  "ещ": 0.00065858796,
  "сп": 0.0030295048,
  "юю": 0.000065858796,
  "хр": 0.0002305058,
  "вп": 0.0007244468,
  "ек": 0.001975764,
  "ёр": 0.000065858796,
  "шк": 0.00032929398,
  "зу": 0.00026343518,
  "еу": 0.0009220232,
  "шё": 0.0001975764,